{"cameraMode":{"drawMode":0,"name":"Shaded","section":"Shading Mode"},"sceneLighting":false,"audioPlay":false,"sceneViewState":{"m_AlwaysRefresh":false,"showFog":true,"showSkybox":false,"showFlares":true,"showImageEffects":true,"showParticleSystems":true,"showVisualEffectGraphs":true,"m_FxEnabled":true},"in2DMode":false,"pivot":{"x":9.300600051879883,"y":3.4492173194885256,"z":-45.46516799926758},"rotation":{"x":0.10531880706548691,"y":0.8835023641586304,"z":-0.38945308327674868,"w":0.23891966044902802},"size":27.877714157104493,"orthographic":true}