{"cameraMode":{"drawMode":0,"name":"Shaded","section":"Shading Mode"},"sceneLighting":false,"audioPlay":false,"sceneViewState":{"m_AlwaysRefresh":false,"showFog":true,"showSkybox":false,"showFlares":true,"showImageEffects":true,"showParticleSystems":true,"showVisualEffectGraphs":true,"m_FxEnabled":true},"in2DMode":false,"pivot":{"x":9.314460754394532,"y":1.9333295822143555,"z":5.799630641937256},"rotation":{"x":0.20449286699295045,"y":0.210425466299057,"z":-0.044943977147340778,"w":0.9551772475242615},"size":0.2823444604873657,"orthographic":true}