{"cameraMode":{"drawMode":0,"name":"Shaded","section":"Shading Mode"},"sceneLighting":false,"audioPlay":false,"sceneViewState":{"m_AlwaysRefresh":false,"showFog":true,"showSkybox":false,"showFlares":true,"showImageEffects":true,"showParticleSystems":true,"showVisualEffectGraphs":true,"m_FxEnabled":true},"in2DMode":false,"pivot":{"x":9.280632972717286,"y":3.365622043609619,"z":9.815475463867188},"rotation":{"x":0.0012452376540750266,"y":-0.9430440664291382,"z":0.3331473469734192,"w":0.0032667701598256828},"size":36.14899826049805,"orthographic":true}