{"cameraMode":{"drawMode":0,"name":"Shaded","section":"Shading Mode"},"sceneLighting":false,"audioPlay":false,"sceneViewState":{"m_AlwaysRefresh":false,"showFog":true,"showSkybox":false,"showFlares":true,"showImageEffects":true,"showParticleSystems":true,"showVisualEffectGraphs":true,"m_FxEnabled":true},"in2DMode":false,"pivot":{"x":5.725503921508789,"y":13.333890914916993,"z":-38.26361083984375},"rotation":{"x":-0.011340562254190445,"y":0.9384897947311401,"z":-0.34426751732826235,"w":-0.031491246074438098},"size":28.077058792114259,"orthographic":true}