{"cameraMode":{"drawMode":0,"name":"Shaded","section":"Shading Mode"},"sceneLighting":false,"audioPlay":false,"sceneViewState":{"m_AlwaysRefresh":false,"showFog":true,"showSkybox":false,"showFlares":true,"showImageEffects":true,"showParticleSystems":true,"showVisualEffectGraphs":true,"m_FxEnabled":true},"in2DMode":false,"pivot":{"x":4.056825160980225,"y":1.9571067094802857,"z":-37.47012710571289},"rotation":{"x":-0.0042004757560789589,"y":-0.9716551303863525,"z":0.23652903735637666,"w":-0.01760965771973133},"size":17.707088470458986,"orthographic":true}