{"cameraMode":{"drawMode":0,"name":"Shaded","section":"Shading Mode"},"sceneLighting":false,"audioPlay":false,"sceneViewState":{"m_AlwaysRefresh":false,"showFog":true,"showSkybox":false,"showFlares":true,"showImageEffects":true,"showParticleSystems":true,"showVisualEffectGraphs":true,"m_FxEnabled":true},"in2DMode":false,"pivot":{"x":9.300600051879883,"y":3.4492173194885256,"z":-45.46516799926758},"rotation":{"x":0.0028747618198394777,"y":-0.9458478689193726,"z":0.32522472739219668,"w":0.007811604533344507},"size":35.55929946899414,"orthographic":true}