{"cameraMode":{"drawMode":0,"name":"Shaded","section":"Shading Mode"},"sceneLighting":false,"audioPlay":false,"sceneViewState":{"m_AlwaysRefresh":false,"showFog":true,"showSkybox":false,"showFlares":true,"showImageEffects":true,"showParticleSystems":true,"showVisualEffectGraphs":true,"m_FxEnabled":true},"in2DMode":false,"pivot":{"x":5.16896390914917,"y":16.799190521240236,"z":-0.05205237492918968},"rotation":{"x":-0.005381302442401648,"y":-0.9674263596534729,"z":0.25280359387397768,"w":-0.020976560190320016},"size":0.00017462691175751388,"orthographic":true}