{"cameraMode":{"drawMode":0,"name":"Shaded","section":"Shading Mode"},"sceneLighting":true,"audioPlay":false,"sceneViewState":{"m_AlwaysRefresh":false,"showFog":true,"showSkybox":true,"showFlares":true,"showImageEffects":true,"showParticleSystems":true,"showVisualEffectGraphs":true,"m_FxEnabled":true},"in2DMode":false,"pivot":{"x":10.085229873657227,"y":4.11787223815918,"z":0.06776696443557739},"rotation":{"x":-0.005760589614510536,"y":-0.9642632603645325,"z":0.26437750458717348,"w":-0.02087315171957016},"size":11.17658805847168,"orthographic":true}