{"cameraMode":{"drawMode":0,"name":"Shaded","section":"Shading Mode"},"sceneLighting":true,"audioPlay":false,"sceneViewState":{"m_AlwaysRefresh":false,"showFog":true,"showSkybox":true,"showFlares":true,"showImageEffects":true,"showParticleSystems":true,"showVisualEffectGraphs":true,"m_FxEnabled":true},"in2DMode":false,"pivot":{"x":-1.3030747175216675,"y":4.372280120849609,"z":0.3846808969974518},"rotation":{"x":0.029025988653302194,"y":-0.9635298252105713,"z":0.238857239484787,"w":0.11705697327852249},"size":16.13956642150879,"orthographic":true}