{"cameraMode":{"drawMode":0,"name":"Shaded","section":"Shading Mode"},"sceneLighting":true,"audioPlay":false,"sceneViewState":{"m_AlwaysRefresh":false,"showFog":true,"showSkybox":true,"showFlares":true,"showImageEffects":true,"showParticleSystems":true,"showVisualEffectGraphs":true,"m_FxEnabled":true},"in2DMode":false,"pivot":{"x":11.565038681030274,"y":48.833946228027347,"z":-46.87560272216797},"rotation":{"x":0.3368612229824066,"y":-0.06548968702554703,"z":0.023697221651673318,"w":0.9392210245132446},"size":19.707237243652345,"orthographic":true}