{"cameraMode":{"drawMode":0,"name":"Shaded","section":"Shading Mode"},"sceneLighting":true,"audioPlay":false,"sceneViewState":{"m_AlwaysRefresh":false,"showFog":true,"showSkybox":true,"showFlares":true,"showImageEffects":true,"showParticleSystems":true,"showVisualEffectGraphs":true,"m_FxEnabled":true},"in2DMode":false,"pivot":{"x":205.78025817871095,"y":90.98625183105469,"z":37.756282806396487},"rotation":{"x":0.0049545071087777618,"y":-0.9816943407058716,"z":0.18959678709506989,"w":0.025818955153226854},"size":386.2784118652344,"orthographic":true}